<?xml version="1.0" encoding="ISO-8859-1"?>
<!--
  ~ Licensed to the Apache Software Foundation (ASF) under one
  ~ or more contributor license agreements. See the NOTICE file
  ~ distributed with this work for additional information
  ~ regarding copyright ownership. The ASF licenses this file
  ~ to you under the Apache License, Version 2.0 (the
  ~ "License"); you may not use this file except in compliance
  ~ with the License. You may obtain a copy of the License at
  ~
  ~ http://www.apache.org/licenses/LICENSE-2.0
  ~
  ~ Unless required by applicable law or agreed to in writing,
  ~ software distributed under the License is distributed on an
  ~ "AS IS" BASIS, WITHOUT WARRANTIES OR CONDITIONS OF ANY
  ~ KIND, either express or implied. See the License for the
  ~ specific language governing permissions and limitations
  ~ under the License.
  -->
<project name="Maven plugins">
    <body>
        <menu name="Overview">
            <item name="Introduction" href="index.html"/>
        </menu>
        <menu name="Plugins">
            <item name="wsdl2java-maven-plugin" href="wsdl2java/index.html"/>
            <item name="java2wsdl-maven-plugin" href="java2wsdl/index.html"/>
            <item name="wsdd-maven-plugin" href="wsdd/index.html"/>
            <item name="axis-server-maven-plugin" href="axis-server/index.html"/>
        </menu>
    </body>
</project>
